Tahun;Provinsi;IHK Umum (Indeks Harga Konsumen Umum);Inflasi YoY Umum (%);Inflasi Makanan YoY (%);Harga Beras (Rp/Kg) (Harga Ritel);Harga Beras (Rp/Kg) (Harga Petani);Harga Cabai (Rp/Kg) (Harga Ritel);Harga Cabai (Rp/Kg) (Harga Petani);Harga Bawang (Rp/Kg) (Harga Ritel);Harga Bawang (Rp/Kg) (Harga Petani);Produksi Padi (Ton);Luas Panen Padi (Ha);Produksi Cabai (Ton);Luas Panen cabai (Ha);Produksi Bawang (Ton);Luas Panen Bawang (Ha);Suhu (Celcius);Total Curah Hujan (mm);Rata-Rata Hari Hujan;PDRB Pertanian Miliar (Rp);PDRB Pengolahan Makanan Miliar (Rp);PDRB Perdagangan Miliar (Rp);Akses Internet Penduduk (%);Panjang Jalan Km;Jumlah Koperasi Pertanian
2010;Aceh;100;6;6.8;7450;5960;24500;19600;18600;14880;1582385;378205;9152;725;985;785;27.3;2147;190;3245;8.75;12.85;12.4;1785;125
2010;Sumatera Utara;100;6.96;7.20;6500;4500;25000;12000;20000;18000;3245800;654000;185600;45200;89200;18500;27.2;2450;180;45.2;28.5;67.3;18.5;2845;185
2010;Sumatera Barat;100;6.96;9.8;7000;5600;18000;14400;12000;9600;1200000;270000;15000;2500;8000;1200;28;32;220;15.5 ;8.3 ;12.8 ;15;17500;115
2010;Riau;100;6.96;8.2;16546;8800;25501;15938;19840;11671;185000;45000;3120;780;72;14;27.7;2511;255;87.5;4.38;5.26;15.3;2685;210
2010;Kepulauan Riau;77.54;2.95;3.25;16546;8800;26474;16546;19840;11671;111;266;1445;111;1226;266;27.7;2698;14;18.9;33.6;15.22;12;2850;45
2010;Jambi;100;5.13;6.2;6000;4800;18500;14800;15000;12000;300000;70000;65000;12500;3800;950;26.1;2474;200;245;20;8;12.5;9850;500
2010;Bengkulu;100;0;0;8500;6500;35000;25000;18000;14000;350000;82000;15000;3500;800;189;26.5;3174;180;8.5;25;42;45;3200;450
2010;Sumatera Selatan;100;6.96;7.5;7500;6000;22000;16500;15000;12000;2095020;748000;28500;3800;85;12;32.5;2400;180;20.8;18.3;32.5;15;28000;1850
2010;Lampung;85.3;6.3;8.2;7500;5200;28500;21800;18500;14200;2320000;481500;4850;1585;1285;320;26.7;2754;120;48.5;18.5;25.6;8.5;12580;385
2010;Kepulauan Bangka Belitung;100;0;0;9133;7763;12500;10625;12821;10898;48343;15107;1381;187;930;131;26.4;2393;184;4.45;1.74;2.38;45.2;1235;673
2011;Aceh;105.38;5;5.8;7840;6270;27800;22240;19750;15800;1613260;381465;9568;758;10254;812;27.2;2147;190;3468;9.18;13.78;14.8;1825;134
2011;Sumatera Utara;103.79;3.79;4.15;7200;5000;28000;13500;20000;18000;3398200;668500;192800;46800;92800;19200;27.4;2380;175;46.8;30.2;71.2;22.3;2912;192
2011;Sumatera Barat;104;3.79;5.4;7280;5824;19800;15840;12456;9965;1210000;272000;15500;2567;8267;1240;28;32;220;16.2 ;8.8 ;13.6 ;18;18000;115
2011;Riau;103.8;3.79;4.5;15938;9150;25521;15951;26825;15779;188000;45800;3350;820;76;15;27.6;2511;255;95.3;4.82;5.79;19.8;2724;218
2011;Kepulauan Riau;80.4;3.23;3.57;15938;9150;25501;15938;28091;16524;1006;237;1506;100;1059;237;27.6;2422.9;12.8;19.6;35.6;16.46;15;2901;46
2011;Jambi;105.4;5.36;7.3;6500;5200;20000;16000;16500;13200;310500;70500;68500;12800;4000;975;26.2;2530;205;262;21.67;8.46;15.8;10050;520
2011;Bengkulu;103.29;3.29;3.95;9932;7595;40300;28786;19965;15528;367900;77700;12845;4631;6387;1955;26.5;3174;191;10.09;25.49;46.51;45;3225;494
2011;Sumatera Selatan;103.8;3.79;6.8;7850;6300;23500;17600;15800;12650;2166870;784820;29800;3950;92;13;32.5;2400;180;21.5;19.1;34.2;18;28150;1900
2011;Lampung;89.7;5.2;6.8;8000;5600;30200;23500;20200;15800;2350000;485000;5020;1602;1312;340;26.7;2780;118;52.3;20.2;28.2;10.2;12750;402
2011;Kepulauan Bangka Belitung;103.8;3.8;4.2;9451;8033;21366;18161;26513;22536;4810;1457;720;188;877;116;26.4;2472;202;4.13;2.36;2.7;48.7;1250;698
2012;Aceh;109.86;4;4.7;8250;6600;25900;20720;21300;17040;1685412;387350;9853;782;1058;834;27.1;2147;190;3652;9.65;14.85;17.5;187;142
2012;Sumatera Utara;108.25;4.30;4.50;7800;5400;31000;15000;22000;20000;3512600;681200;199200;48200;96100;19800;27.3;2520;185;48.1;32.1;75.4;26.8;2978;198
2012;Sumatera Barat;109;4.30;5.9;7588;6070;21384;17107;12991;10393;1220000;274000;16000;2634;8533;1280;28;32;220;17;9.4 ;14.5 ;19;18500;116
2012;Riau;108.3;4.30;5.1;15951;9450;26474;16546;27097;15939;190500;46500;3580;860;81;15;27.5;2511;255;10.38;5.3;6.37;24.5;2768;227
2012;Kepulauan Riau;82.94;3.62;3.51;15951;9450;25521;15951;26825;15779;1068;248;1529;106;1112;248;27.5;2034.5;9.8;20.2;37.4;17.60;18.8;2953;47
2012;Jambi;110;4.30;5.9;7000;5600;22000;17600;18000;14400;321000;71000;72000;13100;4200;1000;26.1;2485;198;279;23.33;8.93;19.3;10280;540
2012;Bengkulu;107.91;4.47;5.36;10471;8007;55436;39597;21378;16627;341900;79100;14623;4912;6699;1983;26.5;3174;197;10.38;24.12;44;45;3250;500
2012;Sumatera Selatan;107.2;4.30;7.6;8250;6600;24200;18150;16500;13200;2112050;820678;31200;4100;100;14;32.5;2400;180;22.3;20;35.9;22;28300;1950
2012;Lampung;93.5;4.2;5.5;8500;6000;32400;25300;22800;17500;2410000;488800;5280;1162;1345;365;26.8;2750;122;56.8;22.8;31.5;12.8;12980;425
2012;Kepulauan Bangka Belitung;108.26;4.3;5.1;10051;8543;41992;35693;20902;17767;52655;15487;982;181;1081;120;26.4;2394;193;4.34;1.7;36;52.3;1265;723
2013;Aceh;115.90;5;5.8;8750;7000;28600;22880;23800;19040;1710560;390760;25600;8140;1096;858;27.6;2147;190;3875;10.25;16.12;21.2;1915;151
2013;Sumatera Utara;117.32;8.38;8.80;8500;5900;35000;17000;25000;23000;3621400;695800;206500;50100;99800;20600;27.5;2410;172;49.6;34;79.8;31.2;3044;204
2013;Sumatera Barat;118;8.38;11.3;8224;6579;25491;20393;14088;1127;1230000;276000;16500;2701;8800;1320;28;32;220;18.4 ;10.6 ;16.1 ;20;19000;116
2013;Riau;117.4;8.38;9.4;17847;9750;28555;17847;27246;16027;192800;47300;3820;900;85;16;27.7;2511;255;11.24;5.83;7.01;30.2;2815;236
2013;Kepulauan Riau;85.81;3.46;3.23;17847;9750;28555;17847;28607;16828;1056;251;1562;105;1059;251;27.7;2200.5;13.2;20.5;38.6;18.55;23.4;3006;47
2013;Jambi;117.7;6.97;8.1;7500;6000;25000;20000;20000;16000;335000;71500;75500;13400;4400;1025;26.3;2520;203;297;25.00;9.4;23.7;10520;560
2013;Bengkulu;114.15;5.78;6.94;11940;9130;54125;38660;22122;17206;300400;81400;12164;5432;6456;1853;26.5;3174;168;10.98;25.57;41.33;45;3275;581
2013;Sumatera Selatan;115.1;8.38;11.2;8700;6950;24800;18600;17200;13750;2263580;856536;32600;4250;108;15;32.5;2400;180;23.1;20.9;37.7;27;28400;2000
2013;Lampung;98.4;5.2;7.3;9200;6500;35800;28200;25500;19800;2430000;490500;5550;1638;1378;390;26.8;2770;121;61.5;25.5;35.2;15.5;13250;448
2013;Kepulauan Bangka Belitung;117.36;8.4;9.2;8830;7506;16061;13652;25064;21304;55274;15793;723;197;672;126;26.4;2420;200;4.51;2.34;3.33;56.1;1280;748
2014;Aceh;122.99;6;6.6;9280;7425;31250;25000;25650;20520;1725245;392105;75000;8520;1234;965;27.8;2147;190;4085;10.95;17.45;25.4;196;160
2014;Sumatera Utara;127.13;8.36;8.75;9200;6400;38000;19000;28000;27000;3689700;708400;213200;51600;103200;21200;27.6;2480;178;51.2;35.8;84.1;35.7;311;21
2014;Sumatera Barat;128;8.36;12.2;8911;7129;29633;23706;15266;12213;1240000;278000;17000;2768;9067;1360;28;32;220;19.9 ;11.9 ;17.9 ;20;19500;117
2014;Riau;127.2;8.36;10.1;19743;10100;31589;19743;28091;16524;195100;48100;4050;940;90;17;27.7;2511;255;12.27;6.41;7.71;36.8;2873;245
2014;Kepulauan Riau;88.91;3.62;3.73;19743;10100;31589;19743;32094;18878;1040;249;1488;104;1082;249;27.7;2557.2;13.8;20.6;39.7;19.41;29.3;3060;48
2014;Jambi;125.2;6.40;7.8;8000;6400;28000;22400;22000;17600;348500;72000;79000;13700;4600;1050;26.4;2495;195;316;26.67;9.86;28.4;10750;580
2014;Bengkulu;117.75;3.15;3.78;13002;9942;49703;35502;18974;14757;350500;78600;12728;5928;5996;1779;26.5;3174;194;11.4;25.07;44.92;45;3300;614
2014;Sumatera Selatan;121.5;8.36;6.7;9000;7200;24500;18400;17800;14250;2349810;892394;34100;4400;118;16;32.5;2400;180;23.8;21.8;38;32;28450;2100
2014;Lampung;127.2;8.4;7.9;14801;12581;28960;24616;19298;16403;2460000;153500;1154;1204;1997;138;26.4;2533;191;42.9;28.9;33.7;60.4;1295;773
2014;Kepulauan Bangka Belitung;127.22;8.4;7.9;14801;12581;28960;24616;19298;16403;55289;1535;1154;204;998;138;26.4;2533;191;4.9;2.89;3.37;60.4;1295;773
2015;Aceh;130.15;4.5;5.2;9850;7880;33400;26720;27200;21760;1752680;395650;25400;8920;1285;1002;27.9;2147;190;4297;11.58;18.78;28.7;2005;168
2015;Sumatera Utara;131.39;3.35;3.60;9800;6800;42000;20500;30000;30000;3756300;721600;219800;53200;106800;21900;27.4;2350;170;52.8;37.2;87.9;40.1;3176;216
2015;Sumatera Barat;133;3.35;6.4;9210;7368;30625;24500;15777;12622;1250000;280000;17500;2835;9333;1400;28;32;220;20.6 ;12.5 ;18.6 ;25;20000;118
2015;Riau;131.5;3.35;4.2;19962;10450;31939;19945;28607;16828;197400;49000;4280;980;95;18;27.6;2511;255;13.37;7.05;8.48;45;2938;254
2015;Kepulauan Riau;92.5;3.53;3.63;19962;10450;31939;19962;27097;15939;1061;251;1545;106;1159;251;27.6;2434.3;11.8;20.9;41;20.45;36.6;3115;49
2015;Jambi;133.2;6.38;7.9;8500;6800;30000;24000;24000;19200;360000;72500;83000;14000;4800;1075;26.5;2510;201;336;28.33;10.33;33.6;10980;600
2015;Bengkulu;121.46;3.15;3.78;13111;10025;48691;34779;19105;14859;349600;80000;91780;16326;6496;1881;26.5;3174;186;11.05;27.28;48.01;45;3325;603
2015;Sumatera Selatan;124.4;3.35;4.8;9200;7350;25000;18750;18000;14400;2719520;928252;35600;4560;128;18;32.5;2400;180;18.5;22.8;38.5;38;28500;2200
2015;Lampung;105.8;3.1;4.5;10400;7400;42000;33800;30500;23800;2500000;495000;6150;1678;1432;435;27;2765;119;71.5;31.5;44.5;23.5;13780;495
2015;Kepulauan Bangka Belitung;131.54;3.4;4.1;13211;11229;52001;44201;15457;13138;59484;16077;1092;196;1231;132;26.4;2485;205;6.3;2.5;3.3;64.8;1310;798
2016;Aceh;134.71;3.5;4;10350;8280;36700;29360;29450;23560;1787540;400380;68500;9250;13258;1032;27.3;2147;194;4538;12.35;20.15;31.5;205;177
2016;Sumatera Utara;135.36;32;3.25;10200;7100;45000;22000;32000;32000;3823100;734800;226500;54800;110200;22600;27.7;2420;176;54.1;38.9;91.8;44.6;3242;222
2016;Sumatera Barat;137;3.2;4.8;9488;7590;31550;25240;16254;13003;1260000;282000;18000;2902;9600;1440;28;32;220;21.3 ;13.2 ;19.4 ;30;20500;118
2016;Riau;136.1;3.50;4.8;20282;10850;32451;20282;31060;18270;199200;50100;4520;1020;101;18;27.7;2511;255;14.58;7.76;9.33;50;3005;264
2016;Kepulauan Riau;95.2;3.42;3.8;20282;10850;32451;20282;27246;16027;1048;246;1640;104;1257;246;27.6;2255.1;11.2;21.5;43;21.86;42.1;3172;50
2016;Jambi;136.9;3.53;4.6;9000;7200;32000;25600;26000;20800;374000;73000;87000;14300;5000;1100;26.6;2450;194;357;30;10.8;38.9;11250;620
2016;Bengkulu;128.58;5.86;7.3;14277;10916;61501;43929;19460;15135;358900;81100;74870;16261;7365;1804;26.5;3174;192;12.26;27.03;51.13;53;3350;586
2016;Sumatera Selatan;127.8;3.2;2.9;9450;7550;27500;20600;19500;15600;3248770;964110;37200;4720;140;19;32.5;2350;175;19.2;23.9;39.6;46;28650;2300
2016;Lampung;108.2;2.3;3.7;10900;7800;45500;36800;32800;25500;2530000;498600;6480;1702;1458;455;27;2740;117;76.8;34.8;49.8;28.2;14050;518
2016;Kepulauan Bangka Belitung;135.49;3;2.8;17826;15152;38062;32353;24499;20824;61670;16229;919;208;792;136;26.4;2463;195;5.86;2.17;3.18;69.2;1325;823
2017;Aceh;138.75;3;3.6;10840;8670;35200;28160;31800;25440;1825473;404626;28600;9560;13625;1058;27.2;2147;194;4785;13.15;21.65;33.8;2084;186
2017;Sumatera Utara;140.25;3.61;3.85;10800;7500;48000;24000;35000;34000;3891500;748200;233400;56500;113900;23400;27.5;2390;174;55.7;40.8;96.2;49.2;3308;228
2017;Sumatera Barat;142;3.61;4.2;9831;7865;32689;26151;16841;13473;1270000;283000;18500;2969;9867;1480;28;32;220;22.1 ;14;20.4 ;35;21000;119
2017;Riau;141.3;3.80;5.2;21250;11250;31912;21730;32094;18878;198500;51200;4751;1060;107;19;27.7;2511;255;15.89;8.53;10.26;55;3078;275
2017;Kepulauan Riau;98.52;3.48;3.76;21250;11250;31912;19945;31060;18270;1093;252;1594;254;1156;252;27.7;2705.6;13.2;22.4;45.7;23.65;48.4;3229;51
2017;Jambi;142.1;3.81;5.3;9250;7400;35000;28000;28000;22400;390000;73500;91500;14600;5250;1125;26.7;2480;197;378;31.67;11.26;44.2;11550;640
2017;Bengkulu;134.56;4.65;5.58;16890;12914;70465;50332;18480;14373;315020;77290;78200;16735;8262;1849;26.5;3174;207;13.30;31.45;54.85;56;3375;615
2017;Sumatera Selatan;131.2;3.61;3.8;9700;7750;29000;21750;20800;16650;3164550;999972;38900;4890;152;21;32.5;2380;178;20.1;25.1;40.8;55;28800;2400
2017;Lampung;110.5;2.1;3.3;11500;8300;48700;39500;35200;27800;2550000;500200;6820;1728;1485;480;27.1;2754;120;82.5;38.5;55.5;33.5;14320;542
2017;Kepulauan Bangka Belitung;140.36;3.6;4.2;14590;12402;52331;44481;40598;34508;61731;15829;1676;200;1099;139;26.4;2364;190;6.41;2.13;4.8;73.6;1340;853
2018;Aceh;143.30;3.2;3.5;11380;9105;37500;30000;33750;27000;1863142;409270;46800;9850;1398;1083;27.1;2147;198;5042;14.08;23.28;35.2;2125;195
2018;Sumatera Utara;144.64;3.13;3.35;11400;7900;52000;26000;38000;37000;3945200;760300;240100;58100;117400;24100;27.6;2460;179;57.3;42.6;100.7;53.8;3374;234
2018;Sumatera Barat;147;3.13;4.5;10138;8110;33712;26970;17368;13894;1280000;284000;19000;3036;10133;1520;28;32;220;22.8 ;14.8 ;21.5 ;40;21500;119
2018;Riau;146;3.30;4.5;22630;11750;34767;21785;32153;18914;200000;52000;4980;1100;113;20;27.5;2511;255;17.31;9.38;11.29;60;3154;286
2018;Kepulauan Riau;102.1;3.54;3.52;22630;11750;37045;23154;32153;18914;1045;235;1539;237;1191;235;27.5;2235.7;12.6;23.3;48.5;25.59;55.7;3287;51
2018;Jambi;146.7;3.20;4.5;9400;7520;38000;30400;30000;24000;402000;74000;96000;14900;5500;1150;26.8;2460;192;401;33.33;11.73;49.5;11850;660
2018;Bengkulu;138.33;2.8;3.36;17855;13652;68636;49026;19327;15031;304175;79450;88040;16420;7513;1873;26.5;3174;176;14.46;31.45;54.33;59;3400;624
2018;Sumatera Selatan;134.9;3.13;3.9;10000;8000;30500;22900;22000;17600;3249740;1035830;40700;5060;165;23;32.5;2420;182;20.8;26.4;42.1;68;29000;2500
2018;Lampung;113.7;2.9;4.2;12000;8700;52300;42800;38500;30200;2580000;502500;7250;1752;1512;505;27.2;2775;122;88.2;42.2;61.8;39.8;14580;565
2018;Kepulauan Bangka Belitung;144.72;3.1;3.8;17681;15029;35594;30255;42568;36183;67116;16779;1825;224;1002;138;26.4;2383;206;7.6;4.27;3.58;77.9;1355;883
2019;Aceh;147.60;3;3.2;11850;9480;39800;31840;35400;28320;1895420;412480;84500;1012;1432;110;27.6;2147;200;5318;15.12;25.12;35.6;2168;204
2019;Sumatera Utara;148.57;2.72;2.95;12000;8300;55000;27500;40000;39000;4012800;773500;246900;59800;121200;24900;27.8;2380;173;58.9;44.3;104.8;58.4;344;24
2019;Sumatera Barat;151;2.72;3.8;10414;8331;34623;27698;17840;14272;1290000;285000;19500;3103;10400;1560;28;32;220;23.6 ;15.6 ;22.7 ;45;22000;120
2019;Riau;150.1;2.80;3.6;23840;12350;34857;21884;32572;19160;205000;53000;5210;1140;120;21;27.5;2511;255;18.85;10.32;12.42;65.2;3233;298
2019;Kepulauan Riau;105.63;3.55;3.64;23840;12350;35613;22258;35196;20703;1149;261;1567;263;1143;261;27.5;1957.8;10.8;24;50.9;27.35;64.1;3346;52
2019;Jambi;151.1;3.3;4.1;9500;7600;40000;32000;32000;25600;410000;74500;10050;15200;5750;1175;26.9;2470;196;425;35.00;12.2;54.8;12150;680
2019;Bengkulu;144.29;4.31;5.17;21161;16180;81173;57981;21851;16994;313630;82470;91620;16395;7309;1806;26.5;3174;169;14.25;32.47;57.79;62;3425;662
2019;Sumatera Selatan;137.8;2.72;2.1;10300;8250;32000;24000;23500;18800;1666690;1071688;42500;5240;180;25;32.5;2390;179;21.5;27.7;43.4;71;29200;2600
2019;Lampung;116.8;2.7;3.8;12500;9100;55800;46200;41200;32500;2610000;504800;7680;1784;1538;525;27.2;2760;121;94.5;46.5;68.5;45.5;14850;589
2019;Kepulauan Bangka Belitung;148.62;2.7;3.2;20752;17639;86073;73162;44388;37730;70030;17080;1114;229;1235;142;26.4;2445;185;8.6;3.57;4.87;82.1;1370;913
2020;Aceh;150.11;1.7;2.1;12250;9800;41500;33200;37950;30360;1865750;408750;45300;9870;1405;108;27.2;2185;203;5425;15.45;24.38;38.4;2205;210
2020;Sumatera Utara;151.7;1.68;1.85;12300;8500;58000;29000;42000;41000;4089300;786800;253200;61200;124800;25600;27.9;2510;183;59.8;43.1;98.6;62.9;3506;246
2020;Sumatera Barat;154;1.92;4.2;11500;9200;35000;28000;30000;24000;1280000;280000;20000;3170;10667;1600;28;32;220;23.3 ;15.3 ;22.2 ;50;23198;121
2020;Riau;153;2.2;4;24580;12850;35016;23154;34517;20703;203500;52500;5450;1180;127;22;27.6;2511;255;19.52;10.65;12.84;68.5;3278;307
2020;Kepulauan Riau;109.26;3.44;3.56;24580;12850;34767;21730;37488;22051;1148;256;1695;258;1217;256;27.6;2502.8;12.2;24.4;52.6;28.82;73.7;3406;53
2020;Jambi;153.2;1.39;2.6;9800;7840;42500;34000;34000;27200;398000;73800;98000;14800;5600;1150;27;2420;190;412;36.50;12.7;60.2;12450;695
2020;Bengkulu;148.34;2.81;3.37;17996;13760;89243;63745;29563;22992;283800;87760;91400;16243;7673;2095;26.5;3174;167;16.02;36.11;61.75;65;3450;694
2020;Sumatera Selatan;100.5;1.68;2.6;10600;8500;34500;25900;25000;20000;2605120;551320;44400;5430;350;42;32.7;2450;183;21.3;28.8;44.7;75;29450;2700
2020;Lampung;119.2;2.1;3;13000;9500;58500;48700;43800;34700;2640000;507200;8120;1812;1565;550;27.3;2735;118;100.80;50.8;75.8;52.2;15120;612
2020;Kepulauan Bangka Belitung;151;1.6;2.1;15878;13496;78923;67085;64792;55073;33803;17841;2203;245;1126;138;26.4;2496;188;7.39;3.31;4.36;85.4;1385;943
2021;Aceh;152.45;1.6;2;12580;10065;43700;34960;39600;31680;1905360;413340;87600;1018;1456;1121;27.3;221;205;5678;16.18;26.15;42.5;225;218
2021;Sumatera Utara;153.43;1.56;1.75;12800;8800;62000;31000;45000;44000;4156700;799200;259800;62800;128600;26400;27.7;2440;177;61.2;45.7;107.3;67.3;3572;252
2021;Sumatera Barat;157;1.56;2.8;12000;9600;38000;30400;32000;25600;1310000;286000;20500;3237;10933;1640;28;32;220;24.2 ;16.4 ;23.8 ;54;24189;122
2021;Riau;156.5;2.3;3.8;25340;13450;35613;23251;34582;20304;204800;52100;5680;1220;134;23;27.6;2511;255;21.28;11.71;14.12;72.3;3328;316
2021;Kepulauan Riau;113.7;3.49;3.4;25340;13450;34857;21785;32572;19160;1146;260;1803;262;1397;260;27.6;2541;13.8;24.5;54.0;30.17;84.7;3467;54
2021;Jambi;156.3;2.2;3.1;10200;8160;45000;36000;36000;28800;405000;74200;10200;15000;5800;1170;27.1;2390;187;428;38;13.2;65.4;12750;710
2021;Bengkulu;152.5;2.8;3.36;20259;15490;113671;81194;32407;25204;300145;93265;88640;16378;8648;2209;26.5;3174;168;15.32;34.99;61;68;3475;709
2021;Sumatera Selatan;102.8;1.87;1.9;10900;8750;36000;27000;26500;21200;2552440;496240;46300;5620;582;68;32.7;2480;185;21.8;30.2;46;79;29700;2800
2021;Lampung;121.5;1.9;2.8;13500;9900;62000;51500;45500;36200;2670000;510000;8550;1838;1592;575;27.3;2720;116;107.50;55.5;83.5;58.5;15380;635
2021;Kepulauan Bangka Belitung;153.42;1.6;2.3;14590;12402;24036;20431;41176;35000;41790;1827;1566;216;1222;156;26.4;2362;192;7.94;3.46;5.58;88.2;1400;973
2022;Aceh;158.87;4.2;5.1;13150;10520;45800;36640;43850;35080;1928450;415650;31820;1042;1495;1148;27.4;2235;208;5945;17.25;28.25;46.8;2295;227
2022;Sumatera Utara;159.89;4.21;4.50;13500;9300;68000;34000;50000;48000;4223900;811800;266700;64500;132500;27200;27.8;2400;175;63.1;48.2;114.2;71.8;3638;258
2022;Sumatera Barat;163;4.21;5.5;12500;10000;40000;32000;34000;27200;1340000;292000;21000;3304;11200;1680;28;32;220;25.2 ;17.6 ;25.1 ;58;25127;121
2022;Riau;162.8;4;4.6;26780;14100;37202;24486;35196;20304;205100;52000;5910;1260;142;24;27.7;2511;255;23.2;12.88;15.53;76.8;3383;326
2022;Kepulauan Riau;117.4;3.51;3.26;26780;14100;38092;23807;34582;20343;1089;241;1688;243;1328;241;27.7;1855.5;12.2;24.9;55.8;31.78;85;3530;55
2022;Jambi;161;3.1;5.7;10700;8560;48000;38400;38000;30400;412000;74600;107000;15250;16000;5200;27.2;2370;185;445;39.50;13.8;69.8;13050;725
2022;Bengkulu;158.39;3.86;4.63;21616;16527;106804;76289;35927;27942;288120;87770;70310;17655;8237;1918;26.5;3174;179;16.47;37.47;72.85;71;3500;697
2022;Sumatera Selatan;105.2;4.21;5.5;12500;10000;45000;33750;32000;25600;2632500;505000;48400;5820;875;95;32.8;2500;187;22.5;31.7;47.5;83;30000;2900
2022;Lampung;123.9;2;3.1;14000;10300;65500;54800;47800;38500;2700000;512500;9020;1865;1162;600;27.4;2705;115;114.80;60.8;92.2;65.2;15650;658
2022;Kepulauan Bangka Belitung;159.86;4.2;5.1;19701;16746;64825;55101;78003;66303;36411;15109;1758;247;1267;154;26.4;2470;201;8.58;4.75;5.26;90.5;1420;1003
2023;Aceh;164.71;3.7;4.5;13780;11025;47200;37760;47200;37760;1956280;418730;52700;1060;1532;117;27.5;226;210;6258;18.45;30.58;51.5;234;236
2023;Sumatera Utara;165.66;3.61;3.85;14200;9800;74000;37000;55000;52000;4291600;824600;273400;66100;136200;28000;28;2470;181;65;50.9;121.8;76.2;3704;264
2023;Sumatera Barat;169;3.67;4.5;13000;10400;42000;33600;36000;28800;1320000;290000;21500;3371;11467;1720;28;32;220;26.4 ;18.9 ;26.8 ;62;26000;121
2023;Riau;167.9;3.1;3.9;27920;14750;37045;24600;36574;20343;205970;51910;6140;1300;150;25;27.7;2511;255;25.3;14.17;17.08;82.1;3442;336
2023;Kepulauan Riau;121.35;3.68;3.72;27920;14750;39178;24486;36574;21514;1127;250;1702;252;1344;250;27.7;2037.6;11.9;25.6;58.6;33.98;85;3593;55
2023;Jambi;165.8;2.98;5.3;11200;8960;50000;40000;40000;32000;420000;75000;112000;15500;16250;9225;27.3;2350;182;464;41;14.4;74.2;13350;740
2023;Bengkulu;159.39;0.63;0.76;22396;17123;108349;77393;38041;29586;285470;84530;63770;16626;8136;1962;26.5;3174;185;19.29;42.96;78.89;74;3525;662
2023;Sumatera Selatan;106.8;3.38;3.1;14000;11200;48500;36400;35500;28400;2710650;515000;50500;6020;1125;120;32.8;2520;189;23.2;33.3;49;84;30300;3000
2023;Lampung;126.8;2.3;3.5;14600;10800;68700;57500;49500;40200;2730000;514800;9480;1892;1645;625;27.4;2690;114;122.50;66.5;101.5;72.5;15920;682
2023;Kepulauan Bangka Belitung;165.62;3.6;4.2;20121;17103;45348;38546;43327;36828;38820;15410;2008;285;1608;166;26.4;2364;199;8.81;4.86;5.33;91.8;1440;1033
2024;Aceh;169.65;3;3.8;14350;11480;48600;38880;50750;40600;1987530;421850;86500;1095;15684;1198;27.6;2285;213;6585;19.78;33.12;56.3;239;245
2024;Sumatera Utara;170.30;2.80;3.10;14800;10200;78000;39000;58000;55000;4358200;837200;280200;67800;140100;28800;28.1;2420;176;66.8;53.1;128.1;80.5;377;27
2024;Sumatera Barat;175;2.5;3.8;13520;10800;45000;36000;38330;30664;1356467;295000;22000;3438;11733;1760;28;32;220;27.6 ;20.3 ;28.2 ;65;26209;122
2024;Riau;173.1;3.1;4.2;29380;15480;38092;25100;37488;21514;208500;52500;6380;1340;158;26;27.6;2511;255;27.57;15.59;18.79;85.4;3508;347
2024;Kepulauan Riau;125.49;3.41;3.52;29380;15480;37202;23251;39186;23051;1118;246;1795;248;1372;246;27.6;2528.3;13.4;26.7;62.2;36.76;85;3658;56
2024;Jambi;170.8;3.2;4.8;11700;9360;52000;41600;42000;33600;428000;75400;117500;15750;16500;5250;27.4;2330;180;483;42.50;15;78.5;13650;755
2024;Bengkulu;160.84;0.91;1.9;23904;18276;108520;77515;29755;23142;274010;87550;60320;17089;7137;1891;26.5;3174;184;18.92;40.49;74.92;77;3550;664
2024;Sumatera Selatan;107.1;1.20;1.8;15200;12150;52000;39000;37000;29600;2795200;525000;52700;6230;1350;140;32.9;2530;190;24;35;50.5;85;30600;3100
2024;Lampung;130.2;2.7;4;15200;11200;72500;60800;51800;42500;2750000;516200;9950;1918;1672;650;27.5;2680;113;130.80;72.8;111.8;78.8;16250;705
2024;Kepulauan Bangka Belitung;169.76;2.5;3.1;27127;23058;104176;88550;73942;62851;45931;18203;1600;249;1656;161;26.4;2476;185;9.5;5.52;7.73;91.5;1460;1063
2025;Aceh;174.74;3;3.7;14850;11880;50000;40000;53250;42600;2015200;424250;142040;1122;16057;1222;27.7;231;215;6924;21.25;35.85;61.2;244;254
2025;Sumatera Utara;175.75;3.20;3.50;15400;10600;83000;42000;62000;58000;4425800;849800;287100;69500;144000;29600;28.2;2390;174;68.7;55.4;135.2;84.8;3836;276
2025;Sumatera Barat;106.76;-0,09;-0.1;10462;8370;53807;43046;25949;20759;1376456;300000;22000;3500;12000;1800;28;32;220;29;21.8 ;30.1 ;70;27100;122
2025;Riau;178.5;3.2;4;30840;16250;39178;26210;39186;22051;211000;53000;6620;1380;167;27;27.9;2511;255;30.05;17.14;20.67;88.7;3578;358
2025;Kepulauan Riau;128.96;2.76;3.33;30840;16250;35016;21884;34517;20304;684;148;1025;149;759;148;27.9;1272.6;14.7;27.8;66;39.76;85;3724;57
2025;Jambi;175.9;2.99;4.5;12200;9760;54000;43200;44000;35200;436000;75800;123000;16000;16800;6275;27.5;2310;178;503;44;15.6;82.3;13950;770
2025;Bengkulu;165.11;2.65;3.18;21537;16467;85437;61027;31720;24670;330240;90680;70790;16281;6184;2023;26.5;3174;192;19.03;43.24;82.22;80;3575;709
2025;Sumatera Selatan;163.2;2.90;3.8;15800;12650;54000;40500;38500;30800;2880850;535000;55100;6450;1580;160;33.1;2540;192;24.8;36.7;52;85;30900;3200
2025;Lampung;132.5;1.8;2.5;15800;11600;75200;63500;53500;44200;2780000;518000;10480;1945;1705;680;27.5;2670;112;139.50;79.5;122.5;84.5;16580;728
2025;Kepulauan Bangka Belitung;174.51;2.8;3.2;27967;23772;115560;98226;74146;63024;83436;1854;1682;274;1329;166;26.4;2547;205;10.6;4.74;7.13;93.2;1480;1093
;;;;;;;;;;;;;;;;;;;;;;;;;
;;;;;;;;;;;;;;;;;;;;;;;;;
;;;;;;;;;;;;;;;;;;;;;;;;;
;;;;;;;;;;;;;;;;;;;;;;;;;
;;;;;;;;;;;;;;;;;;;;;;;;;
;;;;;;;;;;;;;;;;;;;;;;;;;
;;;;;;;;;;;;;;;;;;;;;;;;;
;;;;;;;;;;;;;;;;;;;;;;;;;
;;;;;;;;;;;;;;;;;;;;;;;;;
;;;;;;;;;;;;;;;;;;;;;;;;;
